,C Percentage,G Percentage,T Percentage,A Percentage,CG Content
count,20.0,20.0,20.0,20.0,20.0
mean,17.80298033725186,19.11770467480273,31.15047005599366,29.106811813201567,36.920685012054584
std,0.1551430641569781,0.1344974856316899,0.2732737497101287,0.19798842528266386,0.28461110251954413
min,17.501932708144263,18.785780854746374,30.605112501664227,28.584742377845828,36.32146818594333
25%,17.692682598904238,19.066585997109343,30.95190077644449,29.05364525562166,36.75926859601358
50%,17.833014016335586,19.170459620244557,31.24768915330577,29.218150656215908,37.02396558098887
75%,17.942018373052854,19.225136466515778,31.384802289974708,29.23711889229131,37.15716948475569
max,17.980295566502463,19.24510717614166,31.417254693116764,29.283049309266918,37.20543203301824
