,Average Nucleotide Percent,Average CG Content
Omicron,"{'A': 28.68605384589848, 'C': 17.47933472761677, 'G': 18.8248182451947, 'T': 30.605185406500016}",36.30415297281147
Delta,"{'A': 29.09238787637354, 'C': 17.861102811804933, 'G': 19.12492115659131, 'T': 31.23095309232148}",36.986023968396246
