,Shapiro-Wilk Statistic,p-value
C Percentage,0.8762315511703491,0.015146354213356972
G Percentage,0.8255642056465149,0.0021330148447304964
T Percentage,0.8485798835754395,0.005046536680310965
A Percentage,0.7540095448493958,0.00019222854461986572
CG Content,0.8507019281387329,0.005476724822074175
