Sequence Number,C Percentage,G Percentage,T Percentage,A Percentage,CG Content
Omicron_seq1,17.501932708144263,18.819535477799064,30.620819468253167,28.715001176431045,36.32146818594333
Omicron_seq2,17.74394138012168,19.098517696884137,31.091391885987026,29.135155120836277,36.84245907700581
Omicron_seq3,17.703606601458773,19.068266612886962,30.95694262377735,29.054485563510468,36.77187321434573
Omicron_seq4,17.690161675237807,19.061544149776477,30.946858929111627,29.061208026620953,36.751705825014284
Omicron_seq5,17.69352290679305,19.068266612886962,30.946858929111627,29.05112433195523,36.76178951968001
Omicron_seq6,17.690161675237807,19.061544149776477,30.953581392222112,29.041040637289502,36.751705825014284
Omicron_seq7,17.538906255251923,18.964068434674463,30.795603509125748,28.76541964975967,36.50297468992639
Omicron_seq8,17.750663843232157,19.07835030755269,31.071224496655574,29.12507142617055,36.82901415078485
Omicron_seq9,17.84141709522369,19.219522032872842,31.269537158414845,29.283049309266918,37.060939128096535
Omicron_seq10,17.82461093744748,19.162381096433734,31.225841148196697,29.21582467816208,36.986992033881215
Delta_seq1,17.56756756756757,18.785780854746374,30.605112501664227,28.584742377845828,36.35334842231394
Delta_seq2,17.933697244042072,19.178538144055384,31.377313273865,29.223805085874048,37.11223538809746
Delta_seq3,17.920383437624817,19.231793369724404,31.36732791905206,29.220476634269737,37.15217680734922
Delta_seq4,17.947011050459327,19.201837305285583,31.38397017707363,29.223805085874048,37.14884835574491
Delta_seq5,17.937025695646387,19.241778724537344,31.377313273865,29.23711889229131,37.17880442018373
Delta_seq6,17.953667953667953,19.191851950472643,31.38729862867794,29.243775795499932,37.14551990414059
Delta_seq7,17.947011050459327,19.225136466515778,31.417254693116764,29.24044734389562,37.1721475169751
Delta_seq8,17.980295566502463,19.225136466515778,31.407269338303824,29.23711889229131,37.20543203301824
Delta_seq9,17.940354147250698,19.24510717614166,31.410597789908135,29.230461989082677,37.18546132339236
Delta_seq10,17.953667953667953,19.225136466515778,31.39728398349088,29.24710424710425,37.17880442018373
